settlement_date,settlement_code,profiled_spm_consumption_sp01,profiled_spm_consumption_sp02,profiled_spm_consumption_sp03,profiled_spm_consumption_sp04,profiled_spm_consumption_sp05,profiled_spm_consumption_sp06,profiled_spm_consumption_sp07,profiled_spm_consumption_sp08,profiled_spm_consumption_sp09,profiled_spm_consumption_sp10,profiled_spm_consumption_sp11,profiled_spm_consumption_sp12,profiled_spm_consumption_sp13,profiled_spm_consumption_sp14,profiled_spm_consumption_sp15,profiled_spm_consumption_sp16,profiled_spm_consumption_sp17,profiled_spm_consumption_sp18,profiled_spm_consumption_sp19,profiled_spm_consumption_sp20,profiled_spm_consumption_sp21,profiled_spm_consumption_sp22,profiled_spm_consumption_sp23,profiled_spm_consumption_sp24,profiled_spm_consumption_sp25,profiled_spm_consumption_sp26,profiled_spm_consumption_sp27,profiled_spm_consumption_sp28,profiled_spm_consumption_sp29,profiled_spm_consumption_sp30,profiled_spm_consumption_sp31,profiled_spm_consumption_sp32,profiled_spm_consumption_sp33,profiled_spm_consumption_sp34,profiled_spm_consumption_sp35,profiled_spm_consumption_sp36,profiled_spm_consumption_sp37,profiled_spm_consumption_sp38,profiled_spm_consumption_sp39,profiled_spm_consumption_sp40
01/01/2023 00:00,SF,28.558,28.138,27.903,25.763,24.605,23.81,22.876,22.926,20.833,20.063,20.27,20.409,20.936,20.322,19.927,20.382,23.539,22.981,26.038,27.25,30.226,30.412,32.36,35.499,37.354,39.576,42.303,36.164,35.368,35.181,34.087,35.542,38.217,38.869,40.097,40.56,39.924,39.026,37.419,37.7
01/01/2023 00:00,R1,28.27,27.387,27.201,25.12,24.004,23.178,22.278,22.344,20.276,19.556,19.757,19.886,20.432,19.862,19.552,20.294,23.451,22.904,25.91,27.112,30.118,30.337,32.289,35.328,37.17,39.515,42.215,36.073,35.293,35.214,34,35.44,38.026,38.752,39.992,40.44,39.778,38.952,37.318,37.559
02/01/2023 00:00,SF,24.168,26.551,24.822,23.088,22.738,20.726,20.876,19.693,19.667,18.878,18.61,19.439,19.674,21.208,21.312,22.15,23.796,24.507,26.977,30.827,31.842,34.153,35.065,33.695,34.027,33.592,37.28,34.801,32.169,32.97,34.346,33.812,33.717,36.011,37.813,37.083,37.518,36.704,32.978,29.765
02/01/2023 00:00,R1,23.891,25.878,24.181,22.492,22.196,20.215,20.347,19.163,19.161,18.421,18.151,18.965,19.197,20.735,20.938,22.093,23.72,24.424,26.865,30.655,31.638,33.996,34.942,33.586,33.928,33.433,37.192,34.696,32.067,32.913,34.246,33.769,33.649,35.958,37.678,36.98,37.386,36.581,32.904,29.734
03/01/2023 00:00,SF,22.778,23.675,22.719,22.29,21.681,21.221,20.737,20.058,19.699,19.657,20.045,20.674,22.931,25.963,28.127,28.282,30.088,30.771,31.158,31.024,30.695,30.29,30.556,30.917,31.491,31.793,31.803,31.191,30.669,30.572,31.232,33.034,36.516,41.43,45.139,45.461,45.622,43.94,42.301,40.257
03/01/2023 00:00,R1,22.649,23.206,22.292,21.851,21.246,20.751,20.278,19.617,19.262,19.224,19.641,20.28,22.495,25.499,27.734,28.251,30.059,30.74,31.134,31.023,30.693,30.292,30.555,30.9,31.457,31.748,31.782,31.158,30.646,30.536,31.176,32.984,36.482,41.384,45.054,45.401,45.57,43.898,42.213,40.19
04/01/2023 00:00,SF,21.387,22.008,21.172,20.496,19.966,19.375,18.744,18.378,18.094,18.158,18.678,19.381,21.836,25.153,27.34,27.647,29.287,29.482,29.793,29.385,29.353,28.863,28.725,28.549,29.659,29.893,29.95,28.96,28.927,28.63,29.23,31.066,34.719,39.501,42.702,43.439,44.054,42.354,40.138,38.268
04/01/2023 00:00,R1,21.268,21.569,20.793,20.11,19.584,18.971,18.356,17.995,17.725,17.783,18.322,19.013,21.441,24.73,26.977,27.621,29.275,29.482,29.791,29.407,29.391,28.892,28.747,28.573,29.661,29.878,29.941,28.945,28.934,28.605,29.181,31.007,34.69,39.482,42.643,43.396,44.022,42.321,40.089,38.205
05/01/2023 00:00,SF,20.881,21.476,20.324,19.89,19.126,18.481,17.806,17.132,16.819,16.979,17.594,18.51,20.933,23.961,26.485,26.668,28.465,28.897,29.093,28.98,28.951,28.012,28.122,28.178,29.155,29.19,29.539,28.593,28.295,27.982,28.719,30.968,34.593,39.329,42.954,43.505,43.551,41.874,39.73,37.983
05/01/2023 00:00,R1,20.818,21.167,20.038,19.604,18.849,18.174,17.505,16.846,16.515,16.694,17.31,18.22,20.619,23.621,26.197,26.632,28.474,28.902,29.113,29.014,28.998,28.038,28.159,28.21,29.183,29.197,29.536,28.596,28.315,27.974,28.704,30.957,34.611,39.362,42.948,43.51,43.559,41.878,39.732,37.982
06/01/2023 00:00,SF,21.341,22.033,21.144,20.52,19.816,19.287,18.782,18.203,18.049,18.066,18.542,19.146,21.469,24.411,26.788,26.953,29.013,29.678,30.109,29.793,30.123,29.325,29.253,29.576,30.576,30.544,30.369,30.141,29.561,29.458,29.786,31.268,34.718,38.859,41.924,41.964,42.423,41.237,39.139,37.062
06/01/2023 00:00,R1,21.272,21.643,20.79,20.155,19.459,18.896,18.403,17.827,17.683,17.701,18.193,18.798,21.1,24.023,26.481,26.989,29.071,29.752,30.186,29.875,30.201,29.406,29.328,29.634,30.648,30.587,30.389,30.173,29.585,29.474,29.799,31.283,34.754,38.929,41.949,42.011,42.479,41.275,39.186,37.084
07/01/2023 00:00,SF,22.862,23.245,21.883,21.436,20.685,20.004,19.342,18.878,18.496,18.16,18.359,18.709,19.941,21.279,22.222,22.674,25.63,27.276,29.567,30.597,31.666,31.131,31.721,32.362,33.148,33.202,33.247,32.447,32.441,31.939,32.514,33.408,35.885,39.457,42.614,43.172,43.177,41.147,38.726,36.684
07/01/2023 00:00,R1,22.774,22.805,21.491,21.046,20.298,19.582,18.926,18.456,18.096,17.79,18.008,18.363,19.58,20.931,21.933,22.72,25.703,27.323,29.603,30.609,31.699,31.198,31.765,32.417,33.209,33.228,33.283,32.469,32.46,31.946,32.503,33.424,35.934,39.526,42.665,43.214,43.226,41.166,38.733,36.712
08/01/2023 00:00,SF,23.495,24.405,22.799,22.351,21.444,20.735,20.211,19.636,19.368,18.868,19.043,19.493,20.272,21.622,21.953,22.829,25.497,27.922,30.404,32.229,33.02,33.015,34.155,35.398,36.484,36.894,36.61,36.237,36.02,35.601,36.216,38.205,40.998,44.983,47.202,47.81,46.714,44.34,41.986,39.471
08/01/2023 00:00,R1,23.414,23.958,22.406,21.941,21.057,20.315,19.8,19.23,18.945,18.479,18.677,19.149,19.93,21.272,21.702,22.88,25.579,27.975,30.463,32.286,33.087,33.075,34.222,35.479,36.571,36.932,36.659,36.275,36.049,35.639,36.251,38.222,41.045,45.044,47.248,47.867,46.763,44.385,42.015,39.495
09/01/2023 00:00,SF,22.803,23.752,22.863,22.347,21.729,21.147,20.643,20.241,19.743,19.721,20.175,20.985,23.229,26.367,28.458,28.907,30.576,31.251,31.598,31.498,31.635,31.326,31.44,31.898,32.671,32.886,32.906,32.192,31.528,31.046,31.486,33.099,36.65,41.406,44.944,46.44,46.569,44.689,42.472,40.51
09/01/2023 00:00,R1,22.722,23.339,22.506,21.982,21.37,20.745,20.254,19.835,19.323,19.332,19.807,20.608,22.82,25.941,28.109,28.898,30.586,31.273,31.631,31.545,31.687,31.388,31.51,31.938,32.722,32.913,32.922,32.213,31.554,31.061,31.492,33.096,36.651,41.413,44.933,46.437,46.577,44.7,42.449,40.504
10/01/2023 00:00,SF,22.874,23.744,22.914,22.454,21.865,21.396,20.906,20.235,19.741,19.73,20.071,20.748,23.02,26.161,28.445,28.588,30.21,30.753,31.015,30.84,30.497,30.057,30.241,30.557,31.058,31.284,31.358,30.778,30.127,30.014,30.64,32.236,35.552,40.42,44.421,45.112,45.558,43.985,42.213,40.16
10/01/2023 00:00,R1,22.863,23.393,22.618,22.156,21.586,21.077,20.576,19.895,19.413,19.415,19.772,20.43,22.693,25.815,28.188,28.643,30.279,30.818,31.093,30.94,30.595,30.15,30.326,30.629,31.123,31.341,31.422,30.831,30.192,30.06,30.689,32.274,35.601,40.484,44.474,45.188,45.632,44.052,42.241,40.211
11/01/2023 00:00,SF,22.574,23.449,22.678,22.004,21.492,20.935,20.368,20.05,19.669,19.528,19.978,20.688,23.076,26.324,28.309,28.526,30.274,30.538,31.04,30.773,30.746,30.362,30.193,30.143,31.206,31.511,31.63,30.658,30.429,30.103,30.573,32.168,35.456,40.139,43.514,44.815,45.659,43.964,41.623,39.662
11/01/2023 00:00,R1,22.497,23.057,22.318,21.662,21.154,20.572,20,19.664,19.291,19.162,19.63,20.317,22.69,25.934,27.983,28.545,30.285,30.545,31.085,30.82,30.807,30.412,30.234,30.175,31.246,31.522,31.649,30.669,30.444,30.085,30.546,32.137,35.454,40.125,43.481,44.807,45.647,43.947,41.56,39.631
12/01/2023 00:00,SF,21.675,22.371,21.172,20.749,20.021,19.41,18.699,18.102,17.806,17.856,18.284,19.182,21.625,24.589,26.964,27.146,28.999,29.607,29.829,29.684,29.675,28.764,28.856,28.959,29.921,29.944,30.289,29.37,28.92,28.569,29.283,31.3,34.67,39.3,43.094,44.123,44.402,42.72,40.453,38.578
12/01/2023 00:00,R1,21.477,21.917,20.777,20.36,19.63,18.994,18.307,17.711,17.42,17.485,17.928,18.804,21.207,24.183,26.659,27.124,28.994,29.57,29.822,29.689,29.689,28.772,28.855,28.954,29.912,29.915,30.277,29.343,28.913,28.547,29.234,31.245,34.658,39.283,43.054,44.094,44.373,42.691,40.391,38.535
13/01/2023 00:00,SF,21.984,22.712,21.872,21.223,20.534,19.997,19.467,18.912,18.708,18.617,19.047,19.631,21.89,24.772,27.058,27.28,29.292,30.019,30.526,30.281,30.626,29.849,29.759,30.119,31.115,30.998,30.844,30.626,29.914,29.8,30.064,31.362,34.578,38.625,41.86,42.339,43.031,41.851,39.638,37.504
13/01/2023 00:00,R1,21.808,22.286,21.478,20.841,20.156,19.601,19.08,18.519,18.311,18.247,18.687,19.259,21.507,24.385,26.748,27.26,29.285,30.015,30.54,30.288,30.634,29.856,29.763,30.102,31.124,30.991,30.821,30.599,29.9,29.77,30.038,31.318,34.56,38.609,41.809,42.302,43.007,41.819,39.594,37.454
14/01/2023 00:00,SF,22.943,23.552,22.19,21.8,21.045,20.361,19.725,19.373,19.009,18.651,18.798,19.006,20.23,21.623,22.485,23.103,25.996,27.592,29.741,30.891,31.965,31.689,32.258,32.924,33.644,33.753,33.795,32.991,32.708,32.161,32.828,33.508,35.839,39.31,42.63,43.682,43.759,41.768,39.302,37.098
14/01/2023 00:00,R1,22.742,23.091,21.764,21.384,20.625,19.936,19.31,18.958,18.607,18.279,18.448,18.646,19.862,21.261,22.222,23.082,25.985,27.571,29.707,30.849,31.932,31.684,32.236,32.906,33.636,33.715,33.774,32.951,32.661,32.105,32.776,33.46,35.805,39.289,42.592,43.641,43.724,41.714,39.235,37.06
15/01/2023 00:00,SF,24.431,25.405,23.936,23.381,22.531,21.748,21.232,20.638,20.325,19.818,20.086,20.27,21.05,22.444,22.663,23.712,26.21,28.443,31.311,33.145,33.92,34.215,35.276,36.347,37.633,38.107,37.891,37.122,36.923,36.52,37.011,38.488,41.077,45.071,47.693,48.5,47.604,45.045,42.636,40.307
15/01/2023 00:00,R1,24.208,24.871,23.443,22.894,22.07,21.276,20.783,20.195,19.875,19.413,19.698,19.88,20.657,22.07,22.397,23.711,26.208,28.428,31.295,33.112,33.904,34.198,35.26,36.331,37.609,38.047,37.841,37.06,36.876,36.47,36.956,38.42,41.012,45.017,47.628,48.422,47.525,44.977,42.551,40.23
16/01/2023 00:00,SF,24.811,25.935,24.953,24.492,23.905,23.377,22.899,22.545,22.019,21.809,22.152,22.773,25,28.154,30.057,30.601,32.457,33.286,33.736,33.704,33.736,33.522,33.577,34.134,34.867,35.174,35.236,34.488,33.606,33.08,33.484,34.865,38.044,42.588,46.274,48.429,48.754,46.907,44.571,42.563
16/01/2023 00:00,R1,24.769,25.59,24.626,24.171,23.578,23.028,22.569,22.187,21.674,21.481,21.831,22.444,24.681,27.842,29.847,30.711,32.617,33.445,33.903,33.876,33.919,33.722,33.765,34.313,35.059,35.35,35.415,34.658,33.766,33.235,33.639,35.011,38.204,42.772,46.452,48.606,48.95,47.081,44.717,42.728
17/01/2023 00:00,SF,26.981,28.247,27.255,26.949,26.47,26.192,25.848,25.282,24.751,24.395,24.528,24.918,27.18,30.303,32.175,32.481,34.502,35.159,35.649,35.546,35.044,34.989,35.039,35.594,35.932,36.517,36.69,35.947,34.911,34.704,35.316,36.6,39.24,43.822,47.986,49.693,50.348,48.805,46.841,44.689
17/01/2023 00:00,R1,26.909,27.835,26.871,26.558,26.082,25.771,25.434,24.851,24.319,23.995,24.151,24.542,26.791,29.913,31.902,32.584,34.639,35.317,35.819,35.73,35.227,35.187,35.231,35.748,36.099,36.673,36.849,36.112,35.067,34.86,35.472,36.736,39.396,43.992,48.135,49.866,50.534,48.964,46.955,44.841
18/01/2023 00:00,SF,26.752,28.039,27.108,26.632,26.208,25.866,25.428,25.209,24.744,24.24,24.438,24.902,27.233,30.504,31.997,32.567,34.606,34.859,35.559,35.297,35.168,35.32,35.004,35.156,36.025,36.723,36.936,35.765,35.179,34.668,35.172,36.442,39.033,43.469,46.995,49.316,50.366,48.707,46.086,44.095
18/01/2023 00:00,R1,26.659,27.614,26.709,26.222,25.796,25.432,25.004,24.748,24.291,23.816,24.034,24.483,26.826,30.089,31.703,32.643,34.724,34.983,35.703,35.452,35.339,35.483,35.165,35.288,36.174,36.848,37.066,35.898,35.304,34.782,35.281,36.535,39.153,43.594,47.099,49.427,50.486,48.807,46.145,44.185
19/01/2023 00:00,SF,26.516,27.831,26.534,26.32,25.695,25.302,24.778,24.291,23.882,23.411,23.647,24.222,26.528,29.441,31.394,31.768,34.07,34.684,35.26,35.287,35.081,34.706,34.629,35.022,35.786,36.259,36.744,35.611,34.729,34.253,34.93,36.63,39.209,43.518,47.434,49.613,50.088,48.44,45.953,44.08
19/01/2023 00:00,R1,26.411,27.411,26.149,25.927,25.302,24.891,24.379,23.869,23.449,22.991,23.259,23.841,26.132,29.048,31.099,31.792,34.146,34.75,35.333,35.36,35.173,34.794,34.72,35.098,35.862,36.321,36.809,35.685,34.798,34.32,34.995,36.665,39.265,43.58,47.488,49.651,50.134,48.469,45.952,44.105
20/01/2023 00:00,SF,25.4,26.485,25.598,25.127,24.543,24.169,23.78,23.32,23.144,22.791,23.016,23.358,25.564,28.428,30.346,30.909,33.229,33.939,34.642,34.503,34.694,34.27,34.052,34.566,35.432,35.619,35.524,35.146,34.12,33.877,34.185,35.183,37.805,41.583,44.928,46.347,47.265,46.097,43.706,41.523
20/01/2023 00:00,R1,25.318,26.137,25.273,24.806,24.229,23.841,23.456,22.991,22.815,22.454,22.701,23.041,25.234,28.112,30.08,30.93,33.274,33.992,34.707,34.56,34.764,34.346,34.122,34.622,35.503,35.673,35.574,35.179,34.148,33.907,34.213,35.201,37.828,41.621,44.94,46.363,47.279,46.126,43.681,41.514
21/01/2023 00:00,SF,26.396,27.89,26.806,26.36,25.41,25.033,24.254,23.557,22.964,22.596,22.621,22.646,23.565,24.923,25.195,25.958,28.579,30.696,32.74,34.9,35.082,35.497,36.503,37.034,37.485,38.028,38.388,37.613,36.267,36.091,36.654,37.251,39.008,42.404,45.308,47.628,48.031,46.558,44.363,41.395
21/01/2023 00:00,R1,26.329,27.522,26.475,26.017,25.078,24.685,23.911,23.21,22.62,22.271,22.308,22.327,23.251,24.644,24.959,25.961,28.621,30.737,32.754,34.926,35.122,35.557,36.559,37.075,37.556,38.047,38.402,37.632,36.272,36.102,36.649,37.255,39.013,42.425,45.333,47.632,48.057,46.585,44.346,41.411
22/01/2023 00:00,SF,28.402,29.65,28.302,27.627,26.784,25.931,25.605,25.062,24.442,23.691,23.633,23.501,24.128,25.323,24.774,26.313,28.609,30.617,34.598,36.469,37.737,38.44,39.557,40.452,42.34,42.948,42.943,41.56,41.292,40.804,40.85,41.594,43.851,48.012,51.092,52.09,51.706,48.719,46.239,44.235
22/01/2023 00:00,R1,28.291,29.209,27.908,27.224,26.4,25.543,25.212,24.663,24.037,23.299,23.276,23.154,23.775,25,24.508,26.308,28.644,30.636,34.623,36.486,37.779,38.492,39.603,40.518,42.393,42.95,42.951,41.546,41.272,40.782,40.828,41.561,43.827,48.023,51.11,52.075,51.699,48.686,46.192,44.196
23/01/2023 00:00,SF,25.782,26.99,26.114,25.705,25.179,24.72,24.31,23.987,23.452,22.989,23.223,23.861,25.992,29.043,30.686,31.125,32.998,33.853,34.448,34.443,34.553,34.538,34.569,35.23,35.889,36.279,36.373,35.636,34.592,34.018,34.297,35.455,38.252,42.666,46.486,49.131,49.711,47.931,45.498,43.394
23/01/2023 00:00,R1,25.644,26.589,25.751,25.334,24.804,24.338,23.939,23.578,23.048,22.596,22.861,23.495,25.611,28.685,30.401,31.16,33.054,33.912,34.507,34.504,34.615,34.617,34.638,35.275,35.954,36.336,36.397,35.685,34.634,34.057,34.314,35.461,38.267,42.678,46.489,49.126,49.734,47.933,45.489,43.402
24/01/2023 00:00,SF,25.343,26.475,25.68,25.308,24.842,24.442,24.086,23.496,23.011,22.559,22.737,23.268,25.464,28.441,30.2,30.509,32.335,33.054,33.536,33.447,33.088,32.9,32.986,33.484,33.887,34.277,34.356,33.758,32.779,32.558,33.042,34.173,36.783,41.318,45.586,47.409,48.33,46.869,44.887,42.763
24/01/2023 00:00,R1,25.228,26.205,25.424,25.035,24.572,24.177,23.809,23.21,22.725,22.279,22.456,22.999,25.16,28.18,30.013,30.563,32.376,33.109,33.626,33.531,33.181,32.995,33.073,33.56,33.964,34.332,34.421,33.827,32.831,32.627,33.09,34.22,36.833,41.369,45.623,47.437,48.379,46.902,44.887,42.796
25/01/2023 00:00,SF,25.271,26.202,25.423,24.822,24.409,23.947,23.456,23.21,22.767,22.302,22.536,23.106,25.371,28.464,29.936,30.502,32.365,32.705,33.424,33.28,33.236,33.116,32.841,32.947,33.895,34.336,34.469,33.457,32.926,32.454,32.829,33.97,36.551,40.875,44.499,46.887,48.206,46.638,44.08,42.088
25/01/2023 00:00,R1,25.151,25.908,25.141,24.542,24.123,23.658,23.181,22.915,22.475,22.015,22.25,22.811,25.064,28.176,29.734,30.533,32.421,32.752,33.485,33.339,33.317,33.182,32.912,32.994,33.949,34.372,34.526,33.513,32.964,32.479,32.874,33.978,36.573,40.898,44.49,46.886,48.211,46.631,44.035,42.077
26/01/2023 00:00,SF,24.422,25.426,24.241,23.885,23.252,22.753,22.162,21.67,21.221,20.983,21.288,22.008,24.302,27.149,29.072,29.467,31.43,32.013,32.53,32.601,32.571,31.966,31.953,32.229,33.075,33.257,33.646,32.669,31.874,31.389,31.974,33.507,36.129,40.389,44.42,46.614,47.395,45.852,43.366,41.575
26/01/2023 00:00,R1,24.294,25.11,23.946,23.594,22.982,22.46,21.883,21.368,20.931,20.691,21.001,21.697,23.959,26.848,28.841,29.453,31.42,31.99,32.533,32.609,32.58,31.974,31.949,32.218,33.072,33.25,33.656,32.673,31.878,31.385,31.956,33.478,36.111,40.367,44.371,46.565,47.346,45.799,43.285,41.504
27/01/2023 00:00,SF,24.324,25.076,24.099,23.637,22.858,22.451,22.08,21.443,21.14,20.948,21.405,21.765,24.166,27.327,29.868,30.369,32.902,33.229,33.517,32.993,32.96,32.815,32.631,33.058,33.797,34.368,34.177,33.535,33.03,32.945,33.516,35.596,39.179,43.403,45.774,45.169,44.961,43.882,42.172,40.273
27/01/2023 00:00,R1,24.146,24.742,23.764,23.309,22.543,22.151,21.765,21.123,20.82,20.639,21.088,21.454,23.797,26.978,29.563,30.257,32.804,33.14,33.425,32.913,32.898,32.734,32.562,32.959,33.728,34.288,34.09,33.434,32.948,32.849,33.41,35.482,39.046,43.249,45.571,44.995,44.793,43.716,41.992,40.123
28/01/2023 00:00,SF,25.033,25.556,24.446,23.814,23.081,22.617,21.72,20.928,20.383,19.977,20.057,20.918,21.932,23.127,23.941,24.808,27.567,29.81,32.322,33.509,33.542,32.879,33.999,34.197,34.886,35.141,35.501,34.607,34.677,34.593,34.772,36.541,39.131,43.092,44.957,44.782,44.878,43.33,41.341,39.312
28/01/2023 00:00,R1,24.833,25.21,24.119,23.499,22.783,22.294,21.404,20.62,20.077,19.685,19.765,20.606,21.607,22.829,23.673,24.739,27.492,29.73,32.208,33.38,33.422,32.787,33.862,34.086,34.794,35.028,35.386,34.462,34.544,34.464,34.622,36.38,38.987,42.921,44.768,44.592,44.698,43.149,41.157,39.15
29/01/2023 00:00,SF,24.386,25.248,23.433,23.212,22.046,21.404,20.638,20.147,19.931,19.475,19.468,19.83,20.771,21.835,22.291,23.478,26.314,28.985,30.684,32.606,34.042,33.411,34.844,36.304,37.41,37.416,37.202,37.424,36.952,36.436,37.112,40.191,43.609,47.719,48.749,48.89,47.702,45.639,43.315,40.974
29/01/2023 00:00,R1,24.192,24.911,23.122,22.885,21.743,21.088,20.341,19.855,19.628,19.176,19.188,19.541,20.459,21.55,22.047,23.398,26.222,28.872,30.581,32.484,33.924,33.261,34.715,36.177,37.275,37.241,37.057,37.281,36.815,36.273,36.944,39.988,43.412,47.497,48.518,48.651,47.471,45.415,43.1,40.776
30/01/2023 00:00,SF,22.918,23.663,22.653,22.17,21.447,20.882,20.437,19.918,19.343,19.227,19.812,20.64,22.943,26.226,28.538,28.975,30.906,31.496,31.603,31.281,31.278,31.187,31.287,31.763,32.445,32.957,32.924,32.053,31.604,31.235,31.781,33.984,37.952,42.852,45.788,46.272,45.78,43.999,42.206,40.357
30/01/2023 00:00,R1,22.675,23.265,22.284,21.823,21.092,20.519,20.079,19.563,19.004,18.9,19.482,20.275,22.55,25.84,28.16,28.753,30.689,31.254,31.373,31.079,31.09,30.986,31.093,31.545,32.224,32.723,32.686,31.811,31.394,31.015,31.541,33.732,37.663,42.513,45.393,45.875,45.411,43.643,41.866,40.051
31/01/2023 00:00,SF,22.161,22.78,21.946,21.519,20.887,20.426,19.966,19.214,18.768,18.835,19.21,19.949,22.287,25.539,28.117,28.328,30.071,30.406,30.429,30.094,29.639,29.332,29.511,29.784,30.223,30.66,30.669,29.933,29.556,29.518,30.286,32.451,36.229,41.262,44.676,44.347,44.205,42.715,41.325,39.455
31/01/2023 00:00,R1,21.905,22.371,21.571,21.167,20.542,20.057,19.605,18.874,18.43,18.489,18.872,19.598,21.895,25.14,27.713,28.073,29.82,30.151,30.189,29.869,29.428,29.108,29.295,29.539,29.964,30.399,30.414,29.676,29.316,29.271,30.03,32.163,35.928,40.9,44.259,43.934,43.807,42.336,40.963,39.115
01/02/2023 00:00,SF,22.11,22.618,21.746,21.106,20.499,19.928,19.331,18.926,18.484,18.483,18.957,19.722,22.15,25.555,27.868,28.294,30.108,30.097,30.369,29.986,29.849,29.589,29.418,29.289,30.286,30.768,30.825,29.68,29.733,29.47,30.134,32.271,36.036,40.872,43.686,43.963,44.223,42.593,40.594,38.89
01/02/2023 00:00,R1,21.764,22.161,21.316,20.689,20.097,19.511,18.931,18.532,18.101,18.102,18.592,19.318,21.697,25.076,27.386,27.97,29.763,29.743,30.025,29.662,29.54,29.264,29.098,28.954,29.945,30.424,30.485,29.339,29.415,29.111,29.768,31.869,35.611,40.37,43.129,43.409,43.673,42.066,40.078,38.405
02/02/2023 00:00,SF,21.506,22.041,20.777,20.38,19.586,18.982,18.35,17.655,17.307,17.32,17.91,18.743,21.177,24.258,26.868,27.012,29.051,29.492,29.598,29.356,29.255,28.504,28.596,28.712,29.593,29.871,30.194,29.144,28.911,28.654,29.424,31.957,35.707,40.481,43.733,43.859,43.585,41.962,40.055,38.344
02/02/2023 00:00,R1,21.137,21.584,20.341,19.951,19.176,18.567,17.958,17.271,16.945,16.945,17.543,18.349,20.734,23.802,26.388,26.664,28.673,29.098,29.216,28.996,28.894,28.139,28.224,28.34,29.211,29.471,29.799,28.767,28.547,28.268,29.021,31.528,35.238,39.936,43.127,43.267,42.999,41.407,39.504,37.831
03/02/2023 00:00,SF,20.821,21.219,20.373,19.741,18.984,18.418,17.892,17.259,17.057,17.08,17.666,18.295,20.621,23.584,26.155,26.474,28.553,29.105,29.387,28.989,29.252,28.513,28.45,28.717,29.697,29.699,29.461,29.136,28.717,28.707,29.119,30.92,34.648,38.884,41.591,41.061,41.212,40.047,38.2,36.22
03/02/2023 00:00,R1,20.457,20.79,19.962,19.346,18.602,18.032,17.522,16.9,16.7,16.731,17.324,17.93,20.218,23.131,25.705,26.118,28.178,28.724,29.009,28.618,28.883,28.147,28.083,28.331,29.307,29.312,29.073,28.758,28.346,28.308,28.708,30.488,34.186,38.353,41.011,40.503,40.654,39.513,37.67,35.718
04/02/2023 00:00,SF,22.603,22.621,21.297,20.798,20.117,19.437,18.725,18.206,17.773,17.618,17.801,18.421,19.659,20.893,21.944,22.646,25.515,27.256,29.601,30.456,31.356,30.594,31.259,31.781,32.588,32.588,32.661,31.799,32.067,31.639,32.109,33.329,35.995,39.693,42.447,42.456,42.416,40.433,38.139,36.288
04/02/2023 00:00,R1,22.21,22.14,20.852,20.368,19.7,19.016,18.317,17.802,17.392,17.246,17.432,18.033,19.241,20.505,21.55,22.341,25.176,26.867,29.189,30.011,30.915,30.188,30.82,31.345,32.156,32.151,32.213,31.351,31.625,31.206,31.649,32.864,35.503,39.14,41.849,41.845,41.817,39.863,37.582,35.781
05/02/2023 00:00,SF,23.192,23.918,22.256,21.919,20.948,20.286,19.633,19.108,18.948,18.513,18.547,18.884,19.973,21.249,21.772,22.883,25.577,28.081,30.036,31.908,32.901,32.628,33.852,35.165,36.216,36.424,36.141,36.011,35.72,35.266,35.967,38.4,41.467,45.47,47.194,47.615,46.431,44.189,41.855,39.487
05/02/2023 00:00,R1,22.772,23.409,21.779,21.451,20.505,19.842,19.204,18.681,18.517,18.099,18.155,18.482,19.54,20.808,21.372,22.552,25.211,27.671,29.609,31.464,32.433,32.161,33.376,34.669,35.701,35.893,35.626,35.478,35.199,34.756,35.433,37.824,40.858,44.802,46.483,46.891,45.727,43.523,41.22,38.886
06/02/2023 00:00,SF,22.703,23.509,22.515,22.045,21.407,20.871,20.398,19.953,19.522,19.519,20.006,20.769,22.921,26.117,28.327,28.913,30.687,31.284,31.552,31.373,31.44,31.249,31.36,31.796,32.524,32.872,32.854,32.043,31.482,31.044,31.552,33.421,37.16,41.953,45.202,46.268,46.097,44.246,42.199,40.331
06/02/2023 00:00,R1,22.2,22.882,21.926,21.483,20.86,20.31,19.864,19.418,18.99,18.994,19.481,20.22,22.321,25.476,27.666,28.354,30.117,30.694,30.971,30.804,30.879,30.686,30.8,31.215,31.935,32.259,32.243,31.454,30.909,30.467,30.962,32.782,36.452,41.135,44.302,45.346,45.206,43.375,41.363,39.529
07/02/2023 00:00,SF,23.912,24.657,23.811,23.412,22.861,22.49,22.115,21.44,20.95,20.777,21.045,21.678,23.947,27.092,29.331,29.559,31.437,31.98,32.239,31.962,31.53,31.336,31.47,31.892,32.281,32.78,32.856,32.153,31.492,31.426,32.076,33.878,37.194,42.069,45.797,46.27,46.449,44.891,43.248,41.283
07/02/2023 00:00,R1,23.357,23.988,23.169,22.789,22.262,21.862,21.509,20.853,20.378,20.218,20.484,21.084,23.299,26.413,28.629,28.967,30.815,31.332,31.588,31.337,30.917,30.722,30.864,31.244,31.633,32.11,32.205,31.516,30.895,30.818,31.455,33.194,36.432,41.2,44.833,45.309,45.489,43.946,42.334,40.42
08/02/2023 00:00,SF,23.739,24.506,23.614,23.046,22.526,22.075,21.558,21.235,20.863,20.595,20.989,21.623,23.966,27.28,29.32,29.917,31.831,31.914,32.416,32.142,32.021,31.924,31.698,31.685,32.618,33.173,33.3,32.143,31.92,31.564,32.192,33.941,37.23,41.903,45.015,46.133,46.694,44.994,42.721,40.883
08/02/2023 00:00,R1,23.268,23.937,23.072,22.504,22.014,21.545,21.061,20.725,20.36,20.107,20.482,21.097,23.361,26.616,28.606,29.284,31.175,31.251,31.77,31.487,31.386,31.278,31.06,31.035,31.959,32.496,32.623,31.496,31.287,30.914,31.511,33.218,36.448,40.991,44.008,45.121,45.681,44.013,41.77,39.987
09/02/2023 00:00,SF,23.365,24.128,22.918,22.577,21.858,21.354,20.757,20.165,19.789,19.561,20,20.767,23.118,26.12,28.482,28.901,31.005,31.445,31.795,31.689,31.567,31.038,31.061,31.27,32.097,32.456,32.827,31.717,31.218,30.859,31.626,33.775,37.03,41.627,45.159,46.149,46.177,44.491,42.282,40.567
09/02/2023 00:00,R1,22.889,23.56,22.382,22.05,21.358,20.845,20.277,19.687,19.313,19.095,19.534,20.258,22.546,25.496,27.817,28.28,30.35,30.768,31.123,31.027,30.919,30.384,30.404,30.61,31.417,31.756,32.139,31.052,30.587,30.208,30.952,33.049,36.23,40.712,44.149,45.123,45.154,43.507,41.324,39.669
10/02/2023 00:00,SF,22.972,23.704,22.819,22.214,21.533,21.065,20.598,20.05,19.782,19.657,19.951,20.46,22.708,25.639,27.957,28.446,30.664,31.309,31.834,31.533,31.792,31.27,31.136,31.544,32.435,32.569,32.394,32.033,31.327,31.214,31.589,33.037,36.245,40.317,43.316,43.657,44.099,42.896,40.753,38.695
10/02/2023 00:00,R1,22.391,23.055,22.19,21.6,20.947,20.483,20.032,19.484,19.232,19.121,19.403,19.878,22.069,24.936,27.204,27.731,29.902,30.537,31.047,30.751,31.013,30.496,30.368,30.749,31.628,31.755,31.589,31.237,30.562,30.428,30.783,32.176,35.327,39.28,42.173,42.517,42.945,41.782,39.688,37.692
11/02/2023 00:00,SF,22.975,23.349,22.026,21.579,20.845,20.231,19.542,19.235,18.867,18.509,18.526,18.877,20.058,21.396,22.292,22.997,25.885,27.593,29.837,31.015,31.932,31.536,32.213,32.814,33.522,33.639,33.72,32.921,32.709,32.28,32.862,33.77,36.179,39.736,42.763,43.511,43.575,41.611,39.259,37.11
11/02/2023 00:00,R1,22.357,22.676,21.407,20.978,20.261,19.645,18.984,18.673,18.308,17.975,18.012,18.334,19.485,20.792,21.684,22.432,25.242,26.888,29.071,30.211,31.106,30.753,31.392,31.969,32.682,32.772,32.859,32.061,31.878,31.453,32,32.879,35.258,38.721,41.643,42.372,42.436,40.53,38.233,36.161
12/02/2023 00:00,SF,22.877,23.557,22.007,21.542,20.694,20.017,19.474,18.913,18.71,18.236,18.391,18.696,19.779,21.166,21.67,22.614,25.206,27.529,29.956,31.819,32.561,32.591,33.689,34.882,35.958,36.33,36.026,35.592,35.382,35.009,35.649,37.536,40.31,44.253,46.524,47.159,46.071,43.717,41.364,38.885
12/02/2023 00:00,R1,22.256,22.883,21.381,20.938,20.125,19.449,18.913,18.358,18.152,17.708,17.877,18.16,19.191,20.563,21.056,22.028,24.548,26.81,29.178,30.995,31.706,31.734,32.806,33.99,35.041,35.398,35.087,34.668,34.458,34.101,34.705,36.547,39.252,43.087,45.275,45.887,44.844,42.545,40.262,37.851
13/02/2023 00:00,SF,22.074,22.737,21.693,21.142,20.527,19.915,19.4,18.977,18.547,18.584,19.073,19.897,22.278,25.38,27.506,28.101,29.673,30.391,30.64,30.557,30.71,30.326,30.453,30.855,31.657,31.783,31.743,31.076,30.444,29.976,30.401,31.985,35.561,40.273,43.801,45.285,45.46,43.587,41.39,39.455
13/02/2023 00:00,R1,21.423,22.004,21.012,20.481,19.89,19.285,18.779,18.374,17.951,17.996,18.475,19.276,21.566,24.591,26.685,27.317,28.849,29.525,29.787,29.701,29.858,29.48,29.61,30.001,30.782,30.89,30.857,30.199,29.6,29.134,29.528,31.053,34.555,39.112,42.519,43.968,44.137,42.334,40.182,38.308
14/02/2023 00:00,SF,22.92,23.736,22.78,22.344,21.787,21.344,20.892,20.262,19.859,19.738,20.115,20.771,23.093,26.199,28.461,28.789,30.435,30.997,31.256,31.094,30.759,30.385,30.546,30.875,31.344,31.603,31.653,31.061,30.36,30.238,30.86,32.363,35.55,40.321,44.325,45.215,45.72,44.153,42.347,40.296
14/02/2023 00:00,R1,22.238,22.954,22.045,21.619,21.083,20.631,20.208,19.591,19.202,19.114,19.466,20.099,22.341,25.371,27.605,27.991,29.592,30.125,30.399,30.26,29.924,29.555,29.697,30.015,30.471,30.716,30.784,30.201,29.539,29.4,29.985,31.45,34.546,39.179,43.04,43.915,44.411,42.893,41.124,39.159
15/02/2023 00:00,SF,21.846,22.464,21.631,20.936,20.43,19.846,19.25,18.94,18.587,18.525,18.914,19.66,21.997,25.207,27.237,27.648,29.295,29.597,30.082,29.844,29.85,29.385,29.228,29.143,30.218,30.432,30.528,29.6,29.383,29.057,29.51,31.037,34.323,38.913,42.275,43.604,44.519,42.843,40.503,38.587
15/02/2023 00:00,R1,21.145,21.676,20.89,20.223,19.739,19.15,18.596,18.284,17.949,17.9,18.281,18.989,21.262,24.406,26.416,26.882,28.486,28.778,29.271,29.031,29.048,28.592,28.436,28.34,29.383,29.589,29.696,28.778,28.577,28.235,28.68,30.158,33.35,37.812,41.06,42.351,43.246,41.619,39.337,37.476
16/02/2023 00:00,SF,21.041,21.648,20.509,20.091,19.391,18.741,18.072,17.5,17.174,17.255,17.776,18.664,20.991,23.89,26.294,26.611,28.397,28.931,29.251,29.214,29.229,28.29,28.385,28.471,29.44,29.401,29.734,28.836,28.396,28.04,28.718,30.655,33.98,38.53,42.313,43.405,43.745,42.1,39.814,37.982
16/02/2023 00:00,R1,20.332,20.852,19.771,19.352,18.691,18.065,17.414,16.857,16.563,16.636,17.136,17.979,20.239,23.057,25.44,25.825,27.551,28.063,28.382,28.343,28.365,27.45,27.537,27.621,28.559,28.523,28.855,27.974,27.557,27.198,27.837,29.719,32.963,37.378,41.016,42.092,42.433,40.828,38.615,36.839
17/02/2023 00:00,SF,19.979,20.346,19.567,18.84,18.158,17.541,16.943,16.386,16.198,16.344,16.836,17.513,19.775,22.542,24.929,25.28,27.075,27.832,28.277,28.036,28.433,27.435,27.393,27.627,28.694,28.383,28.154,28.023,27.434,27.344,27.582,28.845,32.214,36.215,39.42,39.766,40.529,39.38,37.229,35.109
17/02/2023 00:00,R1,19.369,19.668,18.927,18.207,17.558,16.934,16.379,15.836,15.661,15.809,16.288,16.935,19.132,21.835,24.195,24.603,26.347,27.07,27.511,27.267,27.663,26.692,26.637,26.87,27.922,27.589,27.362,27.255,26.676,26.571,26.813,28.025,31.315,35.222,38.332,38.676,39.42,38.301,36.198,34.141
18/02/2023 00:00,SF,21.294,21.294,19.861,19.513,18.771,17.955,17.413,17.086,16.737,16.457,16.904,17.129,18.393,19.756,20.847,21.459,24.381,25.634,27.787,28.691,30.174,29.714,30.046,30.788,31.601,31.549,31.416,30.617,30.651,29.913,30.662,31.179,33.592,36.938,40.513,41.38,41.375,39.235,36.702,34.769
18/02/2023 00:00,R1,20.649,20.593,19.214,18.859,18.157,17.351,16.835,16.52,16.182,15.916,16.339,16.558,17.779,19.12,20.23,20.88,23.723,24.929,27.024,27.894,29.34,28.908,29.219,29.959,30.752,30.684,30.566,29.774,29.815,29.092,29.805,30.32,32.681,35.95,39.428,40.255,40.256,38.169,35.679,33.817
19/02/2023 00:00,SF,21.243,21.806,20.471,19.94,19.189,18.478,17.931,17.305,17.033,16.681,17.042,17.443,18.266,19.843,20.617,21.453,24.009,26.245,28.673,30.407,30.733,30.955,31.899,32.974,33.839,34.271,33.935,33.338,33.25,32.973,33.7,35.241,37.793,41.524,44.103,44.967,43.909,41.686,39.366,36.788
19/02/2023 00:00,R1,20.59,21.072,19.797,19.256,18.55,17.855,17.331,16.717,16.46,16.118,16.475,16.842,17.653,19.191,19.991,20.871,23.343,25.527,27.879,29.565,29.892,30.107,31.023,32.072,32.913,33.326,32.998,32.391,32.331,32.051,32.766,34.249,36.747,40.374,42.885,43.716,42.685,40.536,38.267,35.758
20/02/2023 00:00,SF,20.273,20.781,19.88,19.247,18.668,17.98,17.399,17.003,16.62,16.844,17.334,18.255,20.459,23.432,25.526,25.954,27.328,28.207,28.472,28.412,28.68,27.977,28.163,28.502,29.419,29.238,29.185,28.699,28.092,27.654,27.938,29.317,32.878,37.494,41.204,42.818,43.307,41.508,39.315,37.256
20/02/2023 00:00,R1,19.602,20.018,19.165,18.545,17.984,17.317,16.761,16.36,16.007,16.223,16.703,17.588,19.739,22.61,24.705,25.222,26.526,27.382,27.661,27.596,27.851,27.172,27.351,27.684,28.581,28.405,28.325,27.85,27.273,26.835,27.1,28.447,31.904,36.386,39.978,41.552,42.036,40.288,38.163,36.161
21/02/2023 00:00,SF,21.224,21.801,20.834,20.282,19.793,19.274,18.81,18.479,18.123,18.144,18.482,19.191,21.278,24.24,26.463,26.634,28.07,28.806,29.061,28.939,28.695,28,28.215,28.476,29.041,29.01,29.023,28.599,27.924,27.85,28.328,29.646,32.849,37.537,41.702,42.713,43.53,42.021,40.217,38.148
21/02/2023 00:00,R1,20.499,20.981,20.067,19.532,19.055,18.545,18.098,17.767,17.422,17.453,17.795,18.483,20.526,23.414,25.607,25.878,27.238,27.96,28.232,28.109,27.869,27.176,27.392,27.64,28.191,28.152,28.16,27.745,27.106,27.003,27.463,28.753,31.879,36.418,40.459,41.447,42.233,40.774,39.022,37.014
22/02/2023 00:00,SF,21.848,22.46,21.484,20.819,20.384,19.828,19.266,19.164,18.913,18.85,19.236,19.943,22.194,25.262,27.174,27.727,29.258,29.51,30.059,29.917,29.958,29.468,29.282,29.177,30.255,30.381,30.462,29.55,29.256,28.864,29.295,30.573,33.653,38.115,41.627,43.382,44.576,42.959,40.51,38.638
22/02/2023 00:00,R1,21.109,21.614,20.688,20.028,19.626,19.086,18.532,18.42,18.181,18.139,18.521,19.206,21.392,24.392,26.282,26.904,28.414,28.654,29.203,29.057,29.096,28.621,28.445,28.328,29.382,29.494,29.563,28.673,28.378,27.983,28.409,29.654,32.659,36.958,40.372,42.071,43.217,41.661,39.277,37.46
23/02/2023 00:00,SF,22.675,23.411,22.233,21.841,21.193,20.609,19.979,19.475,19.079,18.979,19.379,20.164,22.495,25.358,27.484,27.914,29.784,30.432,30.823,30.783,30.789,30.017,30.048,30.237,31.14,31.189,31.554,30.629,29.972,29.549,30.153,31.813,34.703,39.041,42.975,44.756,45.392,43.802,41.398,39.627
23/02/2023 00:00,R1,21.86,22.468,21.338,20.946,20.328,19.784,19.164,18.681,18.308,18.223,18.618,19.385,21.624,24.391,26.509,27.022,28.851,29.467,29.856,29.812,29.816,29.076,29.1,29.272,30.145,30.2,30.536,29.646,29.008,28.594,29.177,30.783,33.58,37.788,41.566,43.294,43.912,42.373,40.043,38.332
24/02/2023 00:00,SF,22.301,22.923,22.142,21.548,20.947,20.462,19.953,19.463,19.265,19.196,19.529,20.044,22.156,24.914,27.002,27.577,29.496,30.169,30.766,30.641,30.995,30.304,30.174,30.513,31.483,31.341,31.168,30.941,30.093,29.88,30.122,31.065,33.876,37.654,41.001,42.129,43.174,42.094,39.757,37.652
24/02/2023 00:00,R1,21.57,22.071,21.35,20.743,20.174,19.69,19.198,18.733,18.544,18.482,18.818,19.311,21.375,24.06,26.12,26.785,28.655,29.298,29.888,29.765,30.11,29.438,29.302,29.631,30.574,30.43,30.253,30.031,29.217,28.997,29.223,30.13,32.877,36.546,39.789,40.887,41.898,40.853,38.588,36.525
25/02/2023 00:00,SF,23.789,24.557,23.28,22.907,22.07,21.566,20.969,20.478,20.172,20.028,20.183,20.168,21.197,22.561,23.105,23.869,26.492,28.216,30.156,31.772,32.557,32.767,33.435,34.039,34.647,34.944,35.059,34.328,33.433,32.998,33.632,34.052,35.892,39.193,42.435,44.394,44.704,43.079,40.711,38.246
25/02/2023 00:00,R1,22.963,23.591,22.367,22.005,21.2,20.707,20.143,19.649,19.357,19.213,19.362,19.363,20.35,21.7,22.28,23.134,25.681,27.348,29.235,30.779,31.542,31.75,32.403,32.99,33.577,33.846,33.959,33.25,32.379,31.942,32.558,32.965,34.769,37.968,41.105,43.005,43.311,41.728,39.418,37.024
26/02/2023 00:00,SF,24.535,25.236,24.01,23.375,22.626,21.835,21.498,21.031,20.665,20.106,20.199,20.312,21.028,22.432,22.511,23.744,26.061,28.108,31.475,33.158,33.885,34.498,35.487,36.364,37.748,38.264,38.15,36.995,36.824,36.501,36.806,37.681,39.913,43.762,46.765,47.785,47.231,44.678,42.296,40.086
26/02/2023 00:00,R1,23.741,24.315,23.126,22.499,21.786,21.007,20.688,20.214,19.862,19.336,19.434,19.54,20.233,21.613,21.718,23.035,25.295,27.281,30.547,32.188,32.899,33.488,34.444,35.291,36.647,37.138,36.996,35.881,35.711,35.384,35.69,36.535,38.726,42.458,45.368,46.363,45.821,43.339,41.016,38.874
27/02/2023 00:00,SF,23.248,24.087,23.208,22.71,22.175,21.617,21.117,20.785,20.347,20.242,20.591,21.239,23.409,26.412,28.175,28.901,30.503,31.371,31.788,31.728,31.915,31.612,31.686,32.159,32.932,33.039,33.023,32.395,31.495,30.926,31.205,32.312,35.29,39.64,43.45,45.908,46.634,44.935,42.541,40.488
27/02/2023 00:00,R1,22.473,23.152,22.309,21.809,21.303,20.747,20.275,19.949,19.547,19.461,19.798,20.433,22.523,25.44,27.201,28.031,29.585,30.42,30.833,30.775,30.953,30.668,30.733,31.192,31.948,32.033,32.02,31.408,30.518,29.97,30.23,31.301,34.21,38.44,42.12,44.493,45.206,43.547,41.231,39.252
28/02/2023 00:00,SF,23.223,24.017,23.266,22.849,22.401,21.968,21.542,20.987,20.666,20.523,20.765,21.366,23.51,26.475,28.435,28.854,30.393,31.095,31.444,31.305,31.016,30.606,30.734,31.101,31.57,31.718,31.772,31.253,30.342,30.137,30.597,31.668,34.392,38.856,43.113,44.819,45.885,44.48,42.554,40.467
28/02/2023 00:00,R1,22.408,23.006,22.277,21.862,21.445,21.01,20.614,20.067,19.778,19.644,19.891,20.48,22.562,25.439,27.379,27.933,29.427,30.121,30.468,30.328,30.056,29.654,29.778,30.127,30.586,30.717,30.755,30.247,29.373,29.175,29.617,30.654,33.299,37.605,41.726,43.375,44.424,43.058,41.179,39.173
01/03/2023 00:00,SF,23.226,23.968,23.189,22.575,22.173,21.669,21.137,20.906,20.653,20.431,20.642,21.298,23.536,26.654,28.361,28.98,30.571,30.807,31.454,31.362,31.38,31.061,30.822,30.802,31.825,32.062,32.152,31.201,30.721,30.25,30.603,31.69,34.364,38.6,42.21,44.519,45.956,44.474,41.945,40.033
02/03/2023 00:00,SF,23.313,24.163,23.082,22.746,22.156,21.632,21.055,20.548,20.364,20.051,20.363,21.099,23.351,26.191,28.156,28.62,30.462,31.036,31.527,31.617,31.603,30.946,30.93,31.175,32.029,32.141,32.502,31.575,30.769,30.278,30.792,32.272,34.863,39.016,43.028,45.265,46.164,44.712,42.253,40.374
03/03/2023 00:00,SF,23.637,24.443,23.69,23.144,22.585,22.129,21.685,21.228,21.112,20.818,20.984,21.441,23.6,26.37,28.256,28.932,30.961,31.696,32.332,32.15,32.477,31.949,31.758,32.189,33.088,33.072,32.891,32.613,31.585,31.307,31.5,32.258,34.739,38.323,41.742,43.395,44.659,43.691,41.308,39.183
04/03/2023 00:00,SF,24.584,25.872,24.654,24.307,23.384,22.928,22.303,21.698,21.317,20.983,21.076,20.906,21.821,23.225,23.62,24.478,27.051,28.927,30.782,32.643,33.202,33.674,34.419,34.962,35.518,35.926,36.075,35.376,34.145,33.762,34.327,34.621,36.157,39.365,42.541,45.063,45.575,44.228,41.961,39.204
05/03/2023 00:00,SF,26.21,27.05,25.94,25.219,24.488,23.608,23.314,22.839,22.378,21.727,21.776,21.742,22.348,23.672,23.447,24.821,26.977,28.825,32.644,34.437,35.382,36.238,37.236,37.985,39.62,40.138,40.199,38.722,38.473,38.135,38.18,38.63,40.639,44.434,47.68,48.871,48.699,46.102,43.723,41.707
06/03/2023 00:00,SF,23.66,24.459,23.693,23.187,22.676,22.108,21.621,21.319,20.872,20.727,20.91,21.659,23.81,26.792,28.459,29.162,30.757,31.629,32.066,32.129,32.251,31.866,31.919,32.415,33.188,33.245,33.209,32.602,31.606,31.054,31.269,32.217,34.994,39.111,42.985,45.761,46.753,45.192,42.86,40.801
07/03/2023 00:00,SF,24.502,25.434,24.644,24.27,23.84,23.427,22.987,22.46,22.014,21.754,21.93,22.479,24.616,27.604,29.406,29.852,31.505,32.232,32.616,32.595,32.213,31.836,31.903,32.336,32.779,32.979,33.017,32.465,31.424,31.2,31.593,32.512,34.915,39.113,43.396,45.555,46.872,45.633,43.726,41.705
08/03/2023 00:00,SF,25.215,26.243,25.391,24.867,24.535,24.102,23.65,23.459,23.187,22.776,22.961,23.509,25.768,28.902,30.38,31.022,32.82,33.137,33.807,33.749,33.641,33.473,33.152,33.246,34.185,34.59,34.697,33.665,32.977,32.457,32.791,33.68,35.94,39.887,43.53,46.441,48.113,46.801,44.276,42.304
09/03/2023 00:00,SF,25.251,26.39,25.166,24.939,24.357,23.866,23.33,22.88,22.556,22.146,22.381,23.015,25.264,28.138,29.954,30.388,32.437,33.087,33.598,33.715,33.593,33.055,32.972,33.319,34.104,34.366,34.739,33.726,32.731,32.231,32.707,34.011,36.227,40.093,44.113,46.89,48.002,46.702,44.277,42.445
10/03/2023 00:00,SF,25.361,26.398,25.557,25.094,24.549,24.129,23.729,23.339,23.099,22.663,22.836,23.183,25.314,28.098,29.787,30.464,32.644,33.375,34.059,34.02,34.222,33.812,33.548,34.074,34.903,35.011,34.836,34.486,33.293,32.997,33.135,33.734,35.853,39.16,42.591,44.746,46.252,45.456,43.104,40.985
11/03/2023 00:00,SF,25.05,26.546,25.348,25.026,24.057,23.612,22.991,22.315,21.928,21.605,21.741,21.563,22.307,23.692,24.053,24.921,27.425,29.43,31.217,33.285,33.611,34.121,34.898,35.368,35.931,36.383,36.502,35.847,34.423,34.109,34.558,34.804,36.089,39.152,42.238,45.161,45.844,44.843,42.712,39.829
12/03/2023 00:00,SF,23.485,24.113,23.037,22.288,21.609,20.877,20.505,19.851,19.341,18.86,19.041,19.269,20.046,21.487,21.865,22.84,25.116,27.199,30.368,31.997,32.485,33.186,34.062,34.761,35.987,36.337,36.402,35.023,34.818,34.712,34.951,35.471,37.474,40.835,43.97,45.339,45.202,43.166,40.96,38.766
13/03/2023 00:00,SF,20.317,20.896,20.17,19.576,19.06,18.328,17.692,17.353,17.075,17.121,17.553,18.521,20.726,23.626,25.492,26.04,27.238,28.097,28.311,28.312,28.511,27.75,27.88,28.197,29.089,28.789,28.617,28.166,27.372,26.848,26.94,27.895,30.924,35.034,38.925,41.408,42.681,41.343,39.239,37.194
14/03/2023 00:00,SF,22.056,22.672,21.962,21.449,20.997,20.41,19.852,19.255,18.869,18.754,19.073,19.86,22.094,25.027,27,27.322,28.64,29.371,29.561,29.555,29.268,28.518,28.646,28.924,29.487,29.363,29.294,28.878,27.975,27.805,28.108,29.015,31.632,35.741,40.053,41.993,43.559,42.522,40.796,38.856
15/03/2023 00:00,SF,23.058,23.801,23.037,22.413,22.008,21.411,20.798,20.588,20.252,20.017,20.31,21.019,23.313,26.41,27.998,28.571,30.072,30.407,30.888,30.83,30.807,30.297,30.041,29.995,31.037,31.143,31.132,30.224,29.669,29.214,29.44,30.321,32.786,36.642,40.289,42.977,44.902,43.777,41.451,39.532
16/03/2023 00:00,SF,21.915,22.624,21.48,21.091,20.51,19.863,19.208,18.721,18.443,18.36,18.737,19.595,21.922,24.696,26.526,26.95,28.543,29.175,29.417,29.43,29.489,28.566,28.563,28.705,29.629,29.506,29.706,28.878,28.123,27.641,28.017,29.316,31.84,35.699,39.713,42.114,43.5,42.434,40.199,38.387
17/03/2023 00:00,SF,20.435,20.984,20.277,19.61,19.036,18.398,17.84,17.368,17.261,17.244,17.619,18.298,20.488,23.14,25.067,25.463,27.046,27.798,28.187,28.08,28.519,27.504,27.382,27.666,28.702,28.265,27.896,27.821,26.944,26.743,26.706,27.381,29.967,33.305,36.743,38.299,40.088,39.54,37.478,35.4
18/03/2023 00:00,SF,21.328,21.729,20.167,19.98,19.159,18.323,18.012,17.611,17.487,17.445,17.832,17.671,18.685,19.919,20.637,21.248,24.034,25.481,27.293,28.331,29.719,29.544,29.714,30.317,31.249,31.238,30.876,30.268,29.867,29.034,29.522,29.562,31.087,34.007,37.733,39.884,40.448,39.237,36.885,34.781
19/03/2023 00:00,SF,22.058,22.585,21.561,20.826,20.167,19.366,18.923,18.25,17.813,17.386,17.584,18.151,19.037,20.519,21.129,21.712,23.954,26.148,28.903,30.363,30.752,31.509,32.366,33.084,34.013,34.234,34.386,33.102,32.855,32.862,33.091,33.654,35.557,38.699,41.677,43.171,43.201,41.651,39.549,37.35
20/03/2023 00:00,SF,20.601,21.023,20.26,19.676,19.157,18.427,17.84,17.5,17.102,17.145,17.551,18.575,20.726,23.602,25.291,25.732,26.875,27.724,27.853,27.895,28.171,27.463,27.566,27.933,28.802,28.532,28.312,27.863,27.035,26.522,26.487,27.384,30.218,34.107,37.91,40.519,41.991,40.908,38.92,36.958
21/03/2023 00:00,SF,19.775,20.268,19.529,18.981,18.556,17.935,17.379,16.801,16.552,16.596,16.982,17.953,20.205,23.036,24.956,25.095,26.158,26.857,26.863,26.808,26.645,25.758,25.909,26.122,26.723,26.461,26.266,25.974,25.19,25.019,25.179,26.047,28.735,32.741,36.947,38.736,40.516,39.757,38.245,36.26
22/03/2023 00:00,SF,19.655,20.066,19.216,18.467,18.047,17.318,16.634,16.467,16.208,16.266,16.7,17.683,19.985,22.942,24.623,24.962,26.047,26.364,26.562,26.447,26.587,25.735,25.548,25.361,26.501,26.265,26.096,25.37,25.039,24.647,24.726,25.631,28.358,32.162,35.696,37.981,40.144,39.308,37.257,35.485
23/03/2023 00:00,SF,19.645,20.137,18.982,18.499,17.877,17.119,16.401,15.855,15.672,15.714,16.194,17.203,19.524,22.259,24.252,24.468,25.796,26.426,26.504,26.555,26.671,25.461,25.499,25.554,26.55,26.182,26.267,25.551,24.934,24.522,24.773,26.096,28.78,32.515,36.433,38.577,40.197,39.377,37.43,35.657
,,,,,,,,,,,,,,,,,,,,,,,,,,,,,,,,,,,,,,,,,
